Date,Weekly_Sales,Temperature,Fuel_Price,CPI,Unemployment,Holiday_Flag,Anomaly,Sales_Amount_Upper,Sales_Amount_Lower,State
2021-02-05,10397622.73,37.2,2.58,200.61,7.55,0,0,11573691.83,9513064.59,Florida
2021-02-12,10378496.65,36.72,2.55,200.74,7.55,1,0,11032180.28,8971553.04,Florida
2021-02-19,10060556.61,39.7,2.52,200.79,7.55,0,0,10763335.98,8702708.74,Florida
2021-02-26,9128442.02,42.95,2.57,200.82,7.55,0,0,10904543.97,8843916.73,Florida
2021-03-05,9702505.2,46.52,2.63,200.85,7.55,0,0,10669330.07,8608702.83,Florida
2021-03-12,9399399.16,53.13,2.67,200.89,7.55,0,0,10392771.02,8332143.78,Florida
2021-03-19,9566215.78,51.8,2.72,200.76,7.55,0,0,10444143.3,8383516.05,Florida
2021-03-26,8794649.93,47.5,2.73,200.6,7.55,0,1,10902196.41,8841569.17,Florida
2021-04-02,10186289.79,59.07,2.72,200.44,7.38,0,0,10349494.11,8288866.86,Florida
2021-04-09,9659314.53,60.31,2.77,200.28,7.38,0,0,10144325.06,8083697.81,Florida
2021-04-16,9149143.85,62.14,2.8,200.17,7.38,0,0,10443179.34,8382552.09,Florida
2021-04-23,8929052.4,60.48,2.79,200.11,7.38,0,0,10494082.49,8433455.25,Florida
2021-04-30,8846902.34,62.24,2.78,200.06,7.38,0,0,10089436.26,8028809.01,Florida
2021-05-07,9838332.87,65.62,2.83,200.0,7.38,0,0,10163971.07,8103343.82,Florida
2021-05-14,9194496.5,67.85,2.85,199.99,7.38,0,0,10778760.53,8718133.28,Florida
2021-05-21,9097472.67,69.85,2.82,200.21,7.38,0,0,10448424.4,8387797.16,Florida
2021-05-28,9420210.18,74.74,2.76,200.42,7.38,0,0,10437471.5,8376844.26,Florida
2021-06-04,10267000.09,75.54,2.7,200.64,7.38,0,0,10632043.44,8571416.19,Florida
2021-06-11,9712162.84,79.6,2.67,200.86,7.38,0,0,10709662.62,8649035.38,Florida
2021-06-18,9653918.58,79.69,2.64,200.86,7.38,0,0,10517303.79,8456676.54,Florida
2021-06-25,9380473.56,81.13,2.66,200.77,7.38,0,0,10604055.63,8543428.39,Florida
2021-07-02,9781355.29,77.3,2.68,200.69,7.32,0,0,10884791.52,8824164.27,Florida
2021-07-09,9494667.32,77.36,2.65,200.6,7.32,0,0,10338213.59,8277586.35,Florida
2021-07-16,9266625.08,80.18,2.63,200.6,7.32,0,0,10247702.87,8187075.63,Florida
2021-07-23,9046481.32,81.01,2.62,200.73,7.32,0,0,10529418.75,8468791.51,Florida
2021-07-30,8981580.67,79.31,2.65,200.85,7.32,0,0,10498123.91,8437496.67,Florida
2021-08-06,9904030.1,82.25,2.64,200.97,7.32,0,0,10208745.22,8148117.98,Florida
2021-08-13,9532621.86,82.47,2.7,201.09,7.32,0,0,10354302.36,8293675.12,Florida
2021-08-20,9605815.89,82.5,2.67,201.07,7.32,0,0,10823823.53,8763196.29,Florida
2021-08-27,9212722.97,80.24,2.63,201.04,7.32,0,0,10365384.09,8304756.85,Florida
2021-09-03,9524677.07,77.63,2.6,201.02,7.32,0,0,10042284.91,7981657.66,Florida
2021-09-10,9147459.54,74.59,2.59,200.99,7.32,1,0,10203721.97,8143094.73,Florida
2021-09-17,8867967.89,75.62,2.61,201.02,7.32,0,0,10141135.53,8080508.29,Florida
2021-09-24,8526022.35,72.5,2.64,201.1,7.32,0,0,9838308.94,7777681.69,Florida
2021-10-01,8842818.47,67.58,2.62,201.17,7.4,0,0,9836734.1,7776106.85,Florida
2021-10-08,9211235.27,62.72,2.65,201.25,7.4,0,0,10261806.46,8201179.22,Florida
2021-10-15,8836643.31,63.06,2.73,201.32,7.4,0,0,9936089.61,7875462.36,Florida
2021-10-22,8752805.19,65.09,2.73,201.36,7.4,0,0,9953996.23,7893368.99,Florida
2021-10-29,8937296.1,62.55,2.72,201.41,7.4,0,0,10324297.44,8263670.2,Florida
2021-11-05,9683413.24,57.09,2.69,201.46,7.4,0,0,10943639.57,8883012.32,Florida
2021-11-12,9535055.29,55.31,2.73,201.51,7.4,0,0,10896170.66,8835543.42,Florida
2021-11-19,9615064.03,48.1,2.77,201.43,7.4,0,0,11369598.26,9308971.01,Florida
2021-11-26,13590154.65,56.16,2.74,201.32,7.4,1,1,12379180.22,10318552.98,Florida
2021-12-03,10248067.48,46.33,2.71,201.21,7.4,0,1,12922249.38,10861622.13,Florida
2021-12-10,11305950.33,43.88,2.83,201.1,7.4,0,0,12722494.93,10661867.68,Florida
2021-12-17,12818699.91,46.16,2.86,201.07,7.4,0,0,12909680.56,10849053.31,Florida
2021-12-24,16580360.63,48.38,2.87,201.09,7.4,0,1,12213972.19,10153344.95,Florida
2021-12-31,9020460.68,43.01,2.93,201.12,7.4,1,1,11736698.32,9676071.08,Florida
2022-01-07,9105500.57,41.05,2.97,201.14,7.2,0,1,11446925.34,9386298.1,Florida
2022-01-14,8763720.61,33.36,2.98,201.2,7.2,0,1,11497267.58,9436640.33,Florida
2022-01-21,8650856.86,42.03,3.01,201.52,7.2,0,0,10164417.06,8103789.81,Florida
2022-01-28,8516691.48,39.86,3.01,201.84,7.2,0,0,10277285.61,8216658.36,Florida
2022-02-04,9985425.58,33.06,2.99,202.16,7.2,0,0,10587907.7,8527280.46,Florida
2022-02-11,10345870.29,32.97,3.02,202.48,7.2,1,0,10760976.13,8700348.89,Florida
2022-02-18,10694227.08,52.2,3.05,202.74,7.2,0,1,10653410.04,8592782.8,Florida
2022-02-25,9459992.36,54.9,3.07,202.99,7.2,0,0,10978867.22,8918239.97,Florida
2022-03-04,10018724.1,53.95,3.28,203.23,7.2,0,0,11328877.71,9268250.47,Florida
2022-03-11,9641600.76,50.72,3.45,203.48,7.2,0,0,10731082.35,8670455.11,Florida
2022-03-18,10034043.69,58.22,3.48,203.7,7.2,0,0,10473490.73,8412863.48,Florida
2022-03-25,9249829.07,63.02,3.47,203.91,7.2,0,0,10719184.38,8658557.14,Florida
2022-04-01,9256766.09,54.99,3.52,204.11,7.08,0,0,10708143.83,8647516.58,Florida
2022-04-08,9774772.26,64.18,3.61,204.32,7.08,0,0,10371731.5,8311104.25,Florida
2022-04-15,9359985.05,65.27,3.73,204.51,7.08,0,0,10427723.11,8367095.86,Florida
2022-04-22,9984964.71,67.33,3.79,204.66,7.08,0,0,10907852.21,8847224.96,Florida
2022-04-29,9030420.97,66.01,3.79,204.81,7.08,0,0,10422969.82,8362342.57,Florida
2022-05-06,9665136.92,59.81,3.88,204.96,7.08,0,0,10230310.97,8169683.73,Florida
2022-05-13,9425062.82,71.37,3.88,205.1,7.08,0,0,10599140.9,8538513.65,Florida
2022-05-20,8958052.67,66.29,3.9,204.92,7.08,0,0,10588757.45,8528130.21,Florida
2022-05-27,9309846.9,73.8,3.79,204.74,7.08,0,0,10485195.51,8424568.26,Florida
2022-06-03,10121931.64,78.9,3.7,204.55,7.08,0,0,10572231.41,8511604.17,Florida
2022-06-10,9955805.08,80.09,3.66,204.37,7.08,0,0,11098320.15,9037692.9,Florida
2022-06-17,10049193.86,82.22,3.64,204.34,7.08,0,0,10809192.21,8748564.97,Florida
2022-06-24,9513540.26,80.37,3.6,204.42,7.08,0,0,10707025.44,8646398.19,Florida
2022-07-01,9922013.97,83.18,3.53,204.51,7.1,0,0,10859020.49,8798393.25,Florida
2022-07-08,10029620.47,83.35,3.49,204.6,7.1,0,0,10724690.01,8664062.77,Florida
2022-07-15,9478366.02,83.94,3.57,204.68,7.1,0,0,10487577.97,8426950.72,Florida
2022-07-22,9366034.12,83.33,3.64,204.75,7.1,0,0,10615278.19,8554650.95,Florida
2022-07-29,9059016.22,84.8,3.66,204.82,7.1,0,0,11062328.35,9001701.1,Florida
2022-08-05,10133116.06,86.07,3.67,204.89,7.1,0,0,10538264.31,8477637.06,Florida
2022-08-12,9646593.83,85.23,3.62,204.96,7.1,0,0,10435029.36,8374402.11,Florida
2022-08-19,9865695.06,83.82,3.55,205.03,7.1,0,0,10721850.77,8661223.53,Florida
2022-08-26,9456635.53,84.23,3.52,205.1,7.1,0,0,10738212.23,8677584.99,Florida
2022-09-02,9639407.9,83.74,3.53,205.17,7.1,0,0,10316148.73,8255521.48,Florida
2022-09-09,9553921.17,73.17,3.55,205.24,7.1,1,0,10296654.3,8236027.05,Florida
2022-09-16,9217070.94,74.93,3.53,205.4,7.1,0,0,10747958.43,8687331.18,Florida
2022-09-23,8922378.01,71.57,3.48,205.68,7.1,0,0,10275878.78,8215251.54,Florida
2022-09-30,8749284.8,74.91,3.38,205.96,7.1,0,0,10156251.61,8095624.36,Florida
2022-10-07,9839153.99,67.46,3.31,206.24,6.8,0,0,10399215.43,8338588.19,Florida
2022-10-14,9247541.36,65.13,3.3,206.5,6.8,0,0,10559827.05,8499199.81,Florida
2022-10-21,9685704.2,62.27,3.38,206.65,6.8,0,0,10470703.36,8410076.12,Florida
2022-10-28,9434805.1,60.8,3.39,206.79,6.8,0,0,10743303.71,8682676.47,Florida
2022-11-04,10384876.75,51.39,3.35,206.94,6.8,0,0,11787928.18,9727300.94,Florida
2022-11-11,10042218.68,53.07,3.32,207.08,6.8,0,0,11517345.8,9456718.56,Florida
2022-11-18,9896639.22,56.32,3.33,207.27,6.8,0,0,11675272.03,9614644.79,Florida
2022-11-25,13965855.33,54.3,3.26,207.47,6.8,1,1,12380887.13,10320259.89,Florida
2022-12-02,10448928.03,44.63,3.2,207.68,6.8,0,1,13212923.85,11152296.6,Florida
2022-12-09,11674874.33,37.08,3.18,207.88,6.8,0,0,12952267.46,10891640.22,Florida
2022-12-16,12554247.94,45.13,3.17,208.07,6.8,0,0,13019735.76,10959108.52,Florida
2022-12-23,16252658.24,42.06,3.12,208.24,6.8,0,1,12770515.2,10709887.95,Florida
2022-12-30,9961330.48,40.22,3.13,208.41,6.8,1,1,12116023.1,10055395.86,Florida
2023-01-06,9608069.32,44.17,3.15,208.58,6.41,0,0,11560760.54,9500133.3,Florida
2023-01-13,9035641.39,40.48,3.24,208.75,6.41,0,1,11464171.22,9403543.98,Florida
2023-01-20,8962946.71,48.88,3.24,208.84,6.41,0,0,10695887.17,8635259.92,Florida
2023-01-27,8671722.94,48.17,3.26,208.92,6.41,0,0,10635873.3,8575246.05,Florida
2023-02-03,10058259.84,49.99,3.32,209.0,6.41,0,0,10789033.66,8728406.41,Florida
2023-02-10,10918194.33,41.7,3.38,209.08,6.41,1,0,11431818.03,9371190.79,Florida
2023-02-17,11284939.9,42.37,3.46,209.22,6.41,0,1,11179403.79,9118776.54,Florida
2023-02-24,9919343.82,50.52,3.51,209.4,6.41,0,0,11315553.67,9254926.42,Florida
2023-03-03,10349462.06,53.62,3.58,209.57,6.41,0,0,11519277.31,9458650.07,Florida
2023-03-10,10291510.29,53.28,3.63,209.75,6.41,0,0,11368810.47,9308183.23,Florida
2023-03-17,10508458.67,59.16,3.7,209.89,6.41,0,0,11163489.06,9102861.81,Florida
2023-03-24,9664462.49,58.94,3.77,209.97,6.41,0,0,11291870.79,9231243.55,Florida
2023-03-31,9908450.93,65.74,3.83,210.06,6.41,0,0,11640852.67,9580225.42,Florida
2023-04-07,11591396.5,66.32,3.88,210.15,6.23,0,1,11067070.02,9006442.77,Florida
2023-04-14,10057167.95,66.26,3.89,210.23,6.23,0,0,10887973.96,8827346.72,Florida
2023-04-21,9606665.19,64.44,3.88,210.27,6.23,0,0,11183360.93,9122733.68,Florida
2023-04-28,9370495.06,68.85,3.83,210.31,6.23,0,0,11193908.67,9133281.43,Florida
2023-05-05,10138472.85,73.89,3.77,210.34,6.23,0,0,10711320.49,8650693.24,Florida
2023-05-12,9912308.36,69.0,3.71,210.38,6.23,0,0,10853345.27,8792718.03,Florida
2023-05-19,10025809.65,67.38,3.65,210.39,6.23,0,0,11449156.63,9388529.38,Florida
2023-05-26,9956985.71,74.95,3.59,210.39,6.23,0,0,11152290.42,9091663.18,Florida
2023-06-02,10290493.41,76.56,3.53,210.38,6.23,0,0,11024075.94,8963448.69,Florida
2023-06-09,10591674.71,77.17,3.48,210.38,6.23,0,0,11307829.69,9247202.45,Florida
2023-06-16,10387894.96,78.66,3.43,210.39,6.23,0,0,11438679.05,9378051.8,Florida
2023-06-23,10124658.0,78.79,3.39,210.42,6.23,0,0,11181405.49,9120778.25,Florida
2023-06-30,10078721.75,84.09,3.33,210.45,6.23,0,0,11235791.6,9175164.36,Florida
2023-07-07,10985279.63,80.52,3.27,210.49,5.97,0,0,11531460.87,9470833.62,Florida
2023-07-14,9899777.32,78.06,3.29,210.52,5.97,0,0,11067428.83,9006801.59,Florida
2023-07-21,9910348.18,79.22,3.34,210.54,5.97,0,0,10935498.91,8874871.67,Florida
2023-07-28,9475689.58,82.07,3.42,210.55,5.97,0,0,11203608.21,9142980.96,Florida
2023-08-04,10235134.03,84.26,3.42,210.57,5.97,0,0,11035048.98,8974421.74,Florida
2023-08-11,10084835.11,83.61,3.49,210.58,5.97,0,0,10811801.67,8751174.42,Florida
2023-08-18,10135623.95,82.3,3.57,210.65,5.97,0,0,10954509.36,8893882.11,Florida
2023-08-25,9848889.53,75.86,3.61,210.76,5.97,0,0,11410329.94,9349702.7,Florida
2023-09-01,10080752.64,78.79,3.63,210.87,5.97,0,0,10866627.23,8805999.98,Florida
2023-09-08,10148453.98,82.0,3.71,210.98,5.97,1,0,10614962.34,8554335.09,Florida
2023-09-15,9480763.72,71.65,3.71,211.1,5.97,0,0,10894531.89,8833904.65,Florida
2023-09-22,9524678.34,68.14,3.73,211.29,5.97,0,0,10880162.94,8819535.7,Florida
2023-09-29,9206867.44,73.27,3.68,211.47,5.97,0,0,10560500.97,8499873.72,Florida
2023-10-06,10272747.97,65.9,3.64,211.66,5.67,0,0,10586709.91,8526082.67,Florida
2023-10-13,9791831.37,59.96,3.62,211.85,5.67,0,0,11054706.31,8994079.07,Florida
2023-10-20,9586825.29,65.2,3.61,211.89,5.67,0,0,10619124.44,8558497.2,Florida
2021-02-05,12535669.5,32.53,2.77,150.5,8.84,0,0,13672907.31,11591637.96,California
2021-02-12,11788052.22,32.71,2.75,150.58,8.84,1,0,12967716.55,10886447.2,California
2021-02-19,11969069.14,37.0,2.73,150.62,8.84,0,0,12691307.91,10610038.55,California
2021-02-26,11131071.1,35.52,2.73,150.66,8.84,0,0,12804766.72,10723497.37,California
2021-03-05,11680802.02,41.1,2.77,150.69,8.84,0,0,12610512.8,10529243.45,California
2021-03-12,11207874.99,43.57,2.82,150.73,8.84,0,0,12206118.36,10124849.01,California
2021-03-19,11166744.6,47.93,2.86,150.71,8.84,0,0,12399657.6,10318388.25,California
2021-03-26,11014355.21,47.4,2.87,150.68,8.84,0,0,13004073.06,10922803.71,California
2021-04-02,12546400.59,49.29,2.88,150.66,8.77,0,1,12363484.57,10282215.22,California
2021-04-09,11713084.5,53.83,2.9,150.63,8.77,0,0,12200699.73,10119430.38,California
2021-04-16,11019768.8,55.33,2.94,150.59,8.77,0,0,12597793.93,10516524.58,California
2021-04-23,11278150.42,55.83,2.93,150.55,8.77,0,0,12613602.85,10532333.5,California
2021-04-30,10675447.12,54.61,2.95,150.51,8.77,0,0,11882762.26,9801492.91,California
2021-05-07,11783267.41,59.83,2.98,150.46,8.77,0,0,12094166.69,10012897.34,California
2021-05-14,10963480.76,56.66,2.99,150.43,8.77,0,0,12871814.85,10790545.5,California
2021-05-21,11019625.93,63.61,2.97,150.49,8.77,0,0,12341052.52,10259783.17,California
2021-05-28,11582156.16,65.18,2.92,150.55,8.77,0,0,12391572.47,10310303.12,California
2021-06-04,12121095.46,69.72,2.86,150.6,8.77,0,0,12665618.47,10584349.12,California
2021-06-11,11644281.9,71.46,2.85,150.66,8.77,0,0,12835388.88,10754119.53,California
2021-06-18,11636152.83,68.76,2.83,150.67,8.77,0,0,12379079.17,10297809.82,California
2021-06-25,11538452.84,76.12,2.86,150.67,8.77,0,0,12570233.41,10488964.06,California
2021-07-02,11990336.7,77.13,2.86,150.66,8.71,0,0,13038005.13,10956735.78,California
2021-07-09,11414567.43,77.72,2.86,150.66,8.71,0,0,12357620.06,10276350.71,California
2021-07-16,11309476.49,79.18,2.83,150.67,8.71,0,0,12274787.31,10193517.96,California
2021-07-23,11053287.03,80.58,2.84,150.71,8.71,0,0,12537897.93,10456628.58,California
2021-07-30,10963054.22,79.09,2.83,150.74,8.71,0,0,12491035.67,10409766.32,California
2021-08-06,11663389.62,78.71,2.85,150.78,8.71,0,0,11950459.48,9869190.13,California
2021-08-13,11217090.57,76.88,2.87,150.82,8.71,0,0,12199626.91,10118357.56,California
2021-08-20,11500763.98,77.5,2.85,150.83,8.71,0,0,12842410.63,10761141.28,California
2021-08-27,11219643.61,75.04,2.85,150.84,8.71,0,0,12193715.65,10112446.3,California
2021-09-03,11442889.11,73.38,2.84,150.85,8.71,0,0,11887395.92,9806126.57,California
2021-09-10,11210562.59,69.91,2.82,150.86,8.71,1,0,12038219.07,9956949.72,California
2021-09-17,10503657.14,68.71,2.83,150.89,8.71,0,0,11977937.62,9896668.27,California
2021-09-24,10126217.56,69.51,2.81,150.94,8.71,0,0,11351253.38,9269984.03,California
2021-10-01,10109716.09,70.28,2.81,150.98,8.74,0,0,11448141.48,9366872.13,California
2021-10-08,10917256.93,61.82,2.83,151.02,8.74,0,0,12003826.1,9922556.75,California
2021-10-15,10421963.41,58.78,2.89,151.07,8.74,0,0,11491080.4,9409811.05,California
2021-10-22,10510346.42,56.4,2.9,151.12,8.74,0,0,11552362.84,9471093.49,California
2021-10-29,10758144.47,55.23,2.91,151.17,8.74,0,0,11977806.39,9896537.04,California
2021-11-05,10995905.02,51.26,2.9,151.23,8.74,0,0,12786666.51,10705397.15,California
2021-11-12,11162260.7,47.18,2.93,151.28,8.74,0,0,12563245.73,10481976.38,California
2021-11-19,10924684.32,46.73,2.95,151.27,8.74,0,1,13285629.09,11204359.74,California
2021-11-26,16417740.87,41.25,2.97,151.25,8.74,1,1,14619925.93,12538656.58,California
2021-12-03,12447127.45,37.37,2.94,151.22,8.74,0,1,15458579.15,13377309.8,California
2021-12-10,13956270.61,38.27,3.0,151.2,8.74,0,0,15164802.15,13083532.8,California
2021-12-17,15756011.82,37.35,3.03,151.24,8.74,0,1,15414985.93,13333716.58,California
2021-12-24,20947945.39,38.46,3.05,151.31,8.74,0,1,14461835.77,12380566.42,California
2021-12-31,9712887.72,33.32,3.06,151.39,8.74,1,1,13567795.66,11486526.31,California
2022-01-07,10512834.24,29.56,3.11,151.47,8.52,0,1,13154447.83,11073178.48,California
2022-01-14,9584152.81,28.9,3.12,151.55,8.52,0,1,13122332.91,11041063.56,California
2022-01-21,9777956.19,36.31,3.14,151.72,8.52,0,0,11193966.31,9112696.96,California
2022-01-28,9452076.43,31.99,3.15,151.88,8.52,0,0,11421097.75,9339828.4,California
2022-02-04,11188996.87,28.41,3.17,152.04,8.52,0,0,11777119.25,9695849.9,California
2022-02-11,11530846.99,31.52,3.2,152.2,8.52,1,0,12047679.43,9966410.08,California
2022-02-18,11909873.83,41.87,3.22,152.35,8.52,0,1,11681826.13,9600556.78,California
2022-02-25,10841848.19,37.47,3.26,152.5,8.52,0,0,12110814.99,10029545.64,California
2022-03-04,11316537.19,40.08,3.42,152.65,8.52,0,0,12619151.24,10537881.89,California
2022-03-11,10806092.57,45.11,3.54,152.8,8.52,0,0,11897602.63,9816333.28,California
2022-03-18,10844239.09,49.8,3.59,152.93,8.52,0,0,11677867.23,9596597.88,California
2022-03-25,10405140.09,45.93,3.6,153.06,8.52,0,0,11989560.92,9908291.57,California
2022-04-01,10561474.54,46.74,3.62,153.19,8.36,0,0,12107460.21,10026190.86,California
2022-04-08,10978792.09,51.55,3.71,153.31,8.36,0,0,11589911.54,9508642.19,California
2022-04-15,10860567.44,51.54,3.8,153.43,8.36,0,0,11881963.83,9800694.48,California
2022-04-22,11980295.3,55.25,3.85,153.51,8.36,0,0,12563806.82,10482537.47,California
2022-04-29,10772361.35,58.2,3.91,153.59,8.36,0,0,11982499.94,9901230.59,California
2022-05-06,11277845.75,56.41,3.98,153.67,8.36,0,0,11885871.1,9804601.75,California
2022-05-13,10835830.55,60.75,4.0,153.76,8.36,0,0,12274981.82,10193712.47,California
2022-05-20,10573794.19,60.13,3.98,153.73,8.36,0,0,12208129.52,10126860.17,California
2022-05-27,10909456.28,65.77,3.92,153.71,8.36,0,0,11795417.18,9714147.82,California
2022-06-03,11421205.89,68.15,3.87,153.68,8.36,0,0,12020871.82,9939602.47,California
2022-06-10,11350792.31,70.45,3.85,153.66,8.36,0,0,12728147.73,10646878.38,California
2022-06-17,11472484.4,70.83,3.81,153.7,8.36,0,0,12248363.75,10167094.4,California
2022-06-24,11245268.93,73.3,3.77,153.78,8.36,0,0,12171228.48,10089959.13,California
2022-07-01,11444551.4,76.46,3.72,153.87,8.29,0,0,12410911.67,10329642.32,California
2022-07-08,11296774.14,78.07,3.67,153.95,8.29,0,0,12323456.63,10242187.28,California
2022-07-15,10976575.4,77.47,3.69,154.03,8.29,0,0,11813285.76,9732016.41,California
2022-07-22,10935851.67,80.25,3.72,154.1,8.29,0,0,12009873.88,9928604.53,California
2022-07-29,10577070.15,79.15,3.73,154.16,8.29,0,0,12606307.16,10525037.81,California
2022-08-05,11490397.78,78.01,3.76,154.23,8.29,0,0,12053335.01,9972065.66,California
2022-08-12,11010626.4,77.33,3.73,154.29,8.29,0,0,11888703.3,9807433.95,California
2022-08-19,11277373.86,77.15,3.69,154.35,8.29,0,0,12237486.92,10156217.57,California
2022-08-26,11507436.88,78.71,3.66,154.4,8.29,0,0,12260957.6,10179688.25,California
2022-09-02,10431219.52,76.99,3.69,154.45,8.29,0,0,11579799.61,9498530.26,California
2022-09-09,11214200.41,73.14,3.72,154.51,8.29,1,0,11667988.36,9586719.01,California
2022-09-16,10579828.0,68.8,3.73,154.59,8.29,0,0,12281753.09,10200483.74,California
2022-09-23,10311401.33,66.86,3.7,154.71,8.29,0,0,11570822.47,9489553.12,California
2022-09-30,10017188.32,71.31,3.68,154.83,8.29,0,0,11576953.88,9495684.53,California
2022-10-07,11231516.45,60.9,3.62,154.95,8.01,0,0,11886501.24,9805231.89,California
2022-10-14,10612390.39,59.77,3.59,155.06,8.01,0,0,12080961.0,9999691.65,California
2022-10-21,11081205.42,59.77,3.63,155.11,8.01,0,0,11789125.85,9707856.5,California
2022-10-28,11217895.34,54.12,3.62,155.16,8.01,0,0,12181554.81,10100285.46,California
2022-11-04,11779509.43,47.73,3.61,155.21,8.01,0,0,13564420.64,11483151.29,California
2022-11-11,11857664.76,44.41,3.57,155.26,8.01,0,0,13193303.14,11112033.79,California
2022-11-18,11153431.69,47.82,3.56,155.31,8.01,0,1,13506883.25,11425613.9,California
2022-11-25,16569366.73,46.54,3.52,155.37,8.01,1,1,14373579.27,12292309.92,California
2022-12-02,12096035.74,44.11,3.48,155.43,8.01,0,1,15506709.85,13425440.5,California
2022-12-09,13883332.21,35.52,3.44,155.49,8.01,0,0,14919272.11,12838002.76,California
2022-12-16,15121630.9,37.32,3.39,155.56,8.01,0,1,15112322.46,13031053.11,California
2022-12-23,19549886.57,36.15,3.35,155.67,8.01,0,1,14802641.39,12721372.04,California
2022-12-30,11334710.09,36.24,3.3,155.78,8.01,1,1,13927771.66,11846502.31,California
2023-01-06,10894024.73,38.89,3.32,155.88,7.74,0,1,13218823.67,11137554.31,California
2023-01-13,10059388.81,36.7,3.37,155.99,7.74,0,1,12942246.74,10860977.39,California
2023-01-20,10053415.42,35.98,3.39,156.06,7.74,0,0,11927128.45,9845859.1,California
2023-01-27,9527762.27,39.34,3.41,156.12,7.74,0,0,11559302.42,9478033.07,California
2023-02-03,11022455.87,40.75,3.43,156.19,7.74,0,0,11843738.02,9762468.67,California
2023-02-10,12282521.62,38.11,3.48,156.25,7.74,1,0,12652852.3,10571582.95,California
2023-02-17,12349037.38,39.69,3.52,156.34,7.74,0,1,12267519.15,10186249.8,California
2023-02-24,11274314.58,41.58,3.59,156.44,7.74,0,0,12447463.31,10366193.96,California
2023-03-03,11380978.28,40.32,3.67,156.55,7.74,0,0,12742307.41,10661038.06,California
2023-03-10,11437551.17,43.63,3.74,156.65,7.74,0,0,12570666.06,10489396.7,California
2023-03-17,11394437.41,52.09,3.84,156.74,7.74,0,0,12134711.11,10053441.76,California
2023-03-24,10923227.97,53.73,3.88,156.83,7.74,0,0,12380865.93,10299596.58,California
2023-03-31,10919495.27,54.15,3.96,156.91,7.74,0,0,12953496.48,10872227.13,California
2023-04-07,12886462.26,53.27,3.98,157.0,7.67,0,1,12239433.84,10158164.49,California
2023-04-14,11386638.92,54.99,4.02,157.08,7.67,0,0,12124272.65,10043003.3,California
2023-04-21,11047181.65,58.5,4.01,157.1,7.67,0,0,12482361.19,10401091.84,California
2023-04-28,10520580.48,62.26,3.99,157.12,7.67,0,0,12565800.45,10484531.1,California
2023-05-05,11195375.16,60.29,3.96,157.15,7.67,0,0,11852027.61,9770758.26,California
2023-05-12,11266711.16,62.37,3.94,157.17,7.67,0,0,12091021.97,10009752.62,California
2023-05-19,11342033.18,67.92,3.92,157.16,7.67,0,0,12838397.51,10757128.16,California
2023-05-26,11479161.88,69.38,3.89,157.13,7.67,0,0,12400295.69,10319026.34,California
2023-06-02,11448840.06,69.73,3.87,157.11,7.67,0,0,12311004.43,10229735.08,California
2023-06-09,11936599.93,70.1,3.81,157.08,7.67,0,0,12560597.24,10479327.89,California
2023-06-16,11535335.54,72.63,3.78,157.06,7.67,0,0,12656805.76,10575536.41,California
2023-06-23,11177402.39,76.71,3.72,157.07,7.67,0,0,12038362.57,9957093.22,California
2023-06-30,10850724.27,79.38,3.65,157.07,7.67,0,0,12189815.28,10108545.93,California
2023-07-07,11853955.92,79.09,3.58,157.08,7.51,0,0,12582536.79,10501267.44,California
2023-07-14,10739169.03,80.27,3.59,157.08,7.51,0,0,11937722.5,9856453.15,California
2023-07-21,10898249.68,77.64,3.58,157.09,7.51,0,0,11812021.16,9730751.81,California
2023-07-28,10343439.99,78.95,3.64,157.1,7.51,0,0,12143081.12,10061811.77,California
2023-08-04,11103103.32,78.42,3.61,157.11,7.51,0,0,12062936.18,9981666.83,California
2023-08-11,10904559.02,80.72,3.67,157.11,7.51,0,0,11575659.68,9494390.33,California
2023-08-18,11005007.41,78.13,3.76,157.16,7.51,0,0,11892000.4,9810731.05,California
2023-08-25,11131404.46,74.09,3.8,157.23,7.51,0,0,12513824.6,10432555.25,California
2023-09-01,10917343.05,76.81,3.8,157.3,7.51,0,0,11827064.74,9745795.39,California
2023-09-08,11501875.3,74.29,3.87,157.37,7.51,1,0,11647113.63,9565844.28,California
2023-09-15,10353998.9,69.37,3.89,157.44,7.51,0,0,11952660.19,9871390.84,California
2023-09-22,10377252.17,67.48,3.96,157.54,7.51,0,0,11905109.23,9823839.88,California
2023-09-29,10251967.26,66.18,3.91,157.64,7.51,0,0,11357766.53,9276497.18,California
2023-10-06,10980696.74,65.01,3.92,157.74,7.23,0,0,11482542.64,9401273.29,California
2023-10-13,10637010.88,57.27,4.01,157.84,7.23,0,0,12161508.39,10080239.04,California
2023-10-20,10675053.63,57.47,3.99,157.86,7.23,0,0,11633769.63,9552500.28,California
2021-02-05,12079731.73,22.87,2.82,157.34,8.03,0,0,13664512.65,10813644.86,Ohio
2021-02-12,11616960.55,24.84,2.8,157.43,8.03,1,0,12939247.48,10088379.69,Ohio
2021-02-19,11858906.81,29.19,2.77,157.48,8.03,0,0,12707399.35,9856531.56,Ohio
2021-02-26,10153090.97,33.68,2.78,157.52,8.03,0,0,12682625.9,9831758.11,Ohio
2021-03-05,11080416.51,35.12,2.8,157.56,8.03,0,0,12660435.26,9809567.47,Ohio
2021-03-12,11424902.62,42.1,2.84,157.61,8.03,0,0,12406972.89,9556105.1,Ohio
2021-03-19,10693313.84,45.58,2.87,157.58,8.03,0,0,12605302.24,9754434.45,Ohio
2021-03-26,11016367.85,45.63,2.87,157.55,8.03,0,0,13379204.32,10528336.53,Ohio
2021-04-02,12920608.02,46.85,2.86,157.51,7.85,0,1,12789473.1,9938605.31,Ohio
2021-04-09,11616532.29,59.62,2.89,157.48,7.85,0,0,12578891.49,9728023.7,Ohio
2021-04-16,11198585.82,51.46,2.92,157.47,7.85,0,0,12940994.29,10090126.5,Ohio
2021-04-23,11029838.96,49.99,2.93,157.48,7.85,0,0,13115619.95,10264752.16,Ohio
2021-04-30,10918939.15,51.62,2.95,157.49,7.85,0,0,12422003.03,9571135.24,Ohio
2021-05-07,12015029.7,64.34,3.0,157.51,7.85,0,0,12773111.51,9922243.72,Ohio
2021-05-14,11330718.04,51.81,3.01,157.54,7.85,0,0,13590109.15,10739241.37,Ohio
2021-05-21,11143173.62,60.2,2.99,157.68,7.85,0,0,13125684.12,10274816.33,Ohio
2021-05-28,12443611.74,69.34,2.93,157.81,7.85,0,0,13130107.21,10279239.42,Ohio
2021-06-04,12545749.56,70.27,2.89,157.95,7.85,0,0,13269693.09,10418825.3,Ohio
2021-06-11,11856404.74,64.99,2.85,158.09,7.85,0,0,13566358.22,10715490.43,Ohio
2021-06-18,11918008.55,68.09,2.83,158.11,7.85,0,0,13325679.67,10474811.88,Ohio
2021-06-25,11779127.14,74.17,2.84,158.09,7.85,0,0,13445998.4,10595130.62,Ohio
2021-07-02,12499344.53,69.89,2.85,158.07,7.73,0,0,13867588.2,11016720.41,Ohio
2021-07-09,12536307.82,78.05,2.83,158.05,7.73,0,0,13194191.92,10343324.13,Ohio
2021-07-16,11655162.94,75.72,2.82,158.06,7.73,0,0,13031104.84,10180237.06,Ohio
2021-07-23,11125058.35,76.03,2.81,158.12,7.73,0,0,13174340.45,10323472.67,Ohio
2021-07-30,11220171.79,74.44,2.82,158.17,7.73,0,0,13196245.25,10345377.46,Ohio
2021-08-06,11744506.83,74.46,2.82,158.22,7.73,0,0,12670748.22,9819880.43,Ohio
2021-08-13,11568772.66,74.04,2.83,158.28,7.73,0,0,12945857.97,10094990.18,Ohio
2021-08-20,11744648.69,73.42,2.82,158.29,7.73,0,0,13633040.01,10782172.22,Ohio
2021-08-27,11935712.65,68.56,2.79,158.3,7.73,0,0,12955173.33,10104305.54,Ohio
2021-09-03,11950251.25,74.63,2.75,158.31,7.73,0,0,12571146.35,9720278.56,Ohio
2021-09-10,11563512.89,65.88,2.74,158.32,7.73,1,0,12572736.25,9721868.46,Ohio
2021-09-17,10552646.0,62.2,2.74,158.34,7.73,0,0,12611761.21,9760893.42,Ohio
2021-09-24,10024425.8,65.04,2.75,158.36,7.73,0,0,11991370.79,9140503.0,Ohio
2021-10-01,10366898.2,63.9,2.74,158.38,7.72,0,0,12028183.22,9177315.43,Ohio
2021-10-08,11109793.97,53.99,2.8,158.4,7.72,0,0,12525112.2,9674244.41,Ohio
2021-10-15,10670863.79,53.9,2.9,158.43,7.72,0,0,12033299.75,9182431.96,Ohio
2021-10-22,10577258.34,49.72,2.94,158.48,7.72,0,0,12130192.13,9279324.34,Ohio
2021-10-29,10670195.97,55.77,2.95,158.53,7.72,0,0,12414178.27,9563310.48,Ohio
2021-11-05,11187499.84,42.4,2.94,158.58,7.72,0,0,13313508.94,10462641.15,Ohio
2021-11-12,11670780.26,43.28,2.96,158.63,7.72,0,0,13193423.94,10342556.15,Ohio
2021-11-19,11141797.43,45.33,3.03,158.55,7.72,0,1,13998447.19,11147579.4,Ohio
2021-11-26,16497079.28,43.55,3.06,158.45,7.72,1,1,15370553.3,12519685.51,Ohio
2021-12-03,12908152.82,37.25,3.07,158.35,7.72,0,1,16198751.07,13347883.28,Ohio
2021-12-10,14581741.18,26.83,3.14,158.25,7.72,0,0,15799159.63,12948291.84,Ohio
2021-12-17,15903118.96,28.32,3.16,158.23,7.72,0,1,15800202.42,12949334.63,Ohio
2021-12-24,21062425.26,28.78,3.17,158.28,7.72,0,1,14948247.19,12097379.4,Ohio
2021-12-31,9841747.97,28.04,3.2,158.33,7.72,1,1,14039748.97,11188881.18,Ohio
2022-01-07,9936093.21,31.41,3.22,158.37,7.56,0,1,13553106.5,10702238.71,Ohio
2022-01-14,9625363.23,22.48,3.24,158.44,7.56,0,1,13452684.22,10601816.43,Ohio
2022-01-21,9626549.38,25.04,3.26,158.61,7.56,0,0,11472258.15,8621390.36,Ohio
2022-01-28,9544563.94,20.6,3.27,158.78,7.56,0,0,11589800.91,8738933.12,Ohio
2022-02-04,10828343.23,23.83,3.26,158.95,7.56,0,0,11847490.31,8996622.52,Ohio
2022-02-11,11276983.74,25.05,3.28,159.12,7.56,1,0,12210941.3,9360073.51,Ohio
2022-02-18,11632655.11,36.77,3.29,159.29,7.56,0,0,11896795.85,9045928.06,Ohio
2022-02-25,10526915.29,29.86,3.31,159.47,7.56,0,0,12251537.56,9400669.77,Ohio
2022-03-04,11261490.75,32.73,3.48,159.64,7.56,0,0,12775373.59,9924505.8,Ohio
2022-03-11,10505415.29,38.73,3.63,159.82,7.56,0,0,12061950.63,9211082.84,Ohio
2022-03-18,10397075.98,43.53,3.67,159.97,7.56,0,0,11834277.4,8983409.61,Ohio
2022-03-25,10123375.67,39.42,3.66,160.12,7.56,0,0,12075248.29,9224380.5,Ohio
2022-04-01,10360563.98,34.38,3.68,160.27,7.44,0,0,12339320.27,9488452.48,Ohio
2022-04-08,11007050.3,44.54,3.77,160.42,7.44,0,0,11888027.35,9037159.56,Ohio
2022-04-15,11000707.8,51.62,3.87,160.56,7.44,0,0,12269197.2,9418329.42,Ohio
2022-04-22,12201965.19,47.57,3.95,160.67,7.44,0,0,13044387.7,10193519.91,Ohio
2022-04-29,10424248.94,58.51,4.01,160.77,7.44,0,0,12544268.21,9693400.42,Ohio
2022-05-06,11434585.0,52.9,4.09,160.88,7.44,0,0,12448940.48,9598072.69,Ohio
2022-05-13,11177889.38,59.02,4.11,160.99,7.44,0,0,12836604.85,9985737.07,Ohio
2022-05-20,10937268.51,57.88,4.1,160.98,7.44,0,0,12927600.46,10076732.68,Ohio
2022-05-27,11307864.02,65.68,4.03,160.97,7.44,0,0,12663650.03,9812782.24,Ohio
2022-06-03,12501354.68,71.01,3.96,160.96,7.44,0,0,12894889.63,10044021.84,Ohio
2022-06-10,11930905.04,70.66,3.92,160.94,7.44,0,0,13642942.83,10792075.04,Ohio
2022-06-17,11654479.97,65.83,3.88,161.03,7.44,0,0,13229348.28,10378480.49,Ohio
2022-06-24,11422582.23,69.71,3.85,161.18,7.44,0,0,13090406.75,10239538.96,Ohio
2022-07-01,12042442.07,70.21,3.8,161.34,7.42,0,0,13083587.65,10232719.86,Ohio
2022-07-08,12119647.65,73.96,3.77,161.49,7.42,0,0,13066421.63,10215553.85,Ohio
2022-07-15,11303381.11,74.89,3.81,161.62,7.42,0,0,12638038.13,9787170.34,Ohio
2022-07-22,11240617.21,79.14,3.87,161.71,7.42,0,0,12879039.43,10028171.64,Ohio
2022-07-29,10902713.52,75.67,3.89,161.79,7.42,0,0,13427300.41,10576432.62,Ohio
2022-08-05,11733679.49,75.63,3.9,161.87,7.42,0,0,12877606.12,10026738.33,Ohio
2022-08-12,11478911.42,73.82,3.88,161.95,7.42,0,0,12736261.76,9885393.97,Ohio
2022-08-19,11508449.18,71.38,3.81,162.0,7.42,0,0,13001010.54,10150142.75,Ohio
2022-08-26,12349328.61,71.28,3.78,162.04,7.42,0,0,13088986.93,10238119.14,Ohio
2022-09-02,11282078.36,70.33,3.77,162.08,7.42,0,0,12464826.7,9613958.92,Ohio
2022-09-09,11880854.92,68.76,3.8,162.12,7.42,1,0,12572481.72,9721613.93,Ohio
2022-09-16,10610518.82,65.38,3.81,162.21,7.42,0,0,13209804.99,10358937.2,Ohio
2022-09-23,10442442.01,61.54,3.76,162.35,7.42,0,0,12413577.53,9562709.74,Ohio
2022-09-30,10601816.59,66.77,3.7,162.49,7.42,0,0,12273476.44,9422608.65,Ohio
2022-10-07,11597892.3,54.56,3.63,162.63,7.28,0,0,12381155.65,9530287.86,Ohio
2022-10-14,10853277.4,61.27,3.59,162.76,7.28,0,0,12678097.24,9827229.45,Ohio
2022-10-21,11269478.52,54.89,3.62,162.8,7.28,0,0,12466734.6,9615866.81,Ohio
2022-10-28,11421605.62,48.26,3.62,162.84,7.28,0,0,12809127.56,9958259.77,Ohio
2022-11-04,11781080.57,42.64,3.6,162.88,7.28,0,0,14113578.38,11262710.59,Ohio
2022-11-11,12040787.58,47.61,3.58,162.92,7.28,0,0,13742113.2,10891245.41,Ohio
2022-11-18,11367887.4,48.81,3.58,162.99,7.28,0,0,13982100.29,11131232.5,Ohio
2022-11-25,16357228.27,43.48,3.54,163.08,7.28,1,1,14709811.37,11858943.58,Ohio
2022-12-02,12330562.09,45.64,3.51,163.16,7.28,0,1,15954276.01,13103408.22,Ohio
2022-12-09,13917496.01,40.72,3.48,163.25,7.28,0,0,15383037.36,12532169.57,Ohio
2022-12-16,15302579.43,37.21,3.46,163.34,7.28,0,0,15465196.43,12614328.64,Ohio
2022-12-23,19584303.63,36.45,3.43,163.43,7.28,0,1,15140258.47,12289390.68,Ohio
2022-12-30,11120001.06,32.7,3.42,163.53,7.28,1,1,14218057.99,11367190.2,Ohio
2023-01-06,10312320.98,32.68,3.45,163.62,7.2,0,1,13406725.1,10555857.31,Ohio
2023-01-13,9710842.8,36.15,3.54,163.71,7.2,0,1,12943328.33,10092460.55,Ohio
2023-01-20,9952699.73,27.0,3.56,163.82,7.2,0,0,11978300.04,9127432.25,Ohio
2023-01-27,9206273.54,34.12,3.59,163.92,7.2,0,0,11591626.94,8740759.15,Ohio
2023-02-03,10845798.34,38.18,3.65,164.02,7.2,0,0,11896331.79,9045464.0,Ohio
2023-02-10,11921076.12,33.66,3.68,164.12,7.2,1,0,12682474.1,9831606.31,Ohio
2023-02-17,11491173.47,33.07,3.74,164.23,7.2,0,0,12269936.54,9419068.75,Ohio
2023-02-24,10814574.99,37.92,3.78,164.35,7.2,0,0,12359784.1,9508916.32,Ohio
2023-03-03,10842019.17,36.82,3.85,164.48,7.2,0,0,12517322.84,9666455.05,Ohio
2023-03-10,11142477.82,40.4,3.9,164.6,7.2,0,0,12487796.5,9636928.71,Ohio
2023-03-17,10803314.31,48.51,3.9,164.7,7.2,0,0,12276928.75,9426060.96,Ohio
2023-03-24,10735565.72,58.64,3.94,164.78,7.2,0,0,12512834.5,9661966.71,Ohio
2023-03-31,10806362.36,47.1,3.98,164.85,7.2,0,0,13102296.96,10251429.17,Ohio
2023-04-07,13092983.29,46.13,4.02,164.92,7.32,0,1,12410078.46,9559210.67,Ohio
2023-04-14,10835235.27,47.9,4.07,164.99,7.32,0,0,12329526.98,9478659.19,Ohio
2023-04-21,10596436.66,58.8,4.06,165.05,7.32,0,0,12599562.68,9748694.89,Ohio
2023-04-28,10374489.26,49.41,4.04,165.1,7.32,0,0,12775163.21,9924295.42,Ohio
2023-05-05,11207561.81,54.73,4.0,165.16,7.32,0,0,12179487.67,9328619.88,Ohio
2023-05-12,11412811.83,58.47,3.94,165.21,7.32,0,0,12571305.65,9720437.86,Ohio
2023-05-19,11127536.66,61.28,3.9,165.23,7.32,0,0,13391598.0,10540730.21,Ohio
2023-05-26,12001138.6,66.95,3.85,165.24,7.32,0,0,13021081.53,10170213.74,Ohio
2023-06-02,11947281.19,70.06,3.79,165.24,7.32,0,0,12988811.61,10137943.82,Ohio
2023-06-09,11966663.33,61.34,3.74,165.24,7.32,0,0,13202998.61,10352130.82,Ohio
2023-06-16,11858415.0,68.5,3.67,165.26,7.32,0,0,13584858.24,10733990.45,Ohio
2023-06-23,11949780.15,73.18,3.61,165.29,7.32,0,0,13062061.55,10211193.76,Ohio
2023-06-30,11699117.06,71.36,3.56,165.33,7.32,0,0,13190099.56,10339231.77,Ohio
2023-07-07,12892524.65,76.5,3.53,165.36,7.31,0,0,13635265.44,10784397.65,Ohio
2023-07-14,11419445.88,74.62,3.56,165.4,7.31,0,0,13001762.32,10150894.53,Ohio
2023-07-21,11212867.28,75.59,3.61,165.38,7.31,0,0,12829651.95,9978784.16,Ohio
2023-07-28,10711004.76,74.08,3.7,165.37,7.31,0,0,12987864.54,10136996.75,Ohio
2023-08-04,11501434.14,74.49,3.7,165.35,7.31,0,0,12987012.06,10136144.27,Ohio
2023-08-11,11713115.39,75.58,3.76,165.33,7.31,0,0,12603625.96,9752758.17,Ohio
2023-08-18,11593601.41,72.42,3.84,165.39,7.31,0,0,12908408.93,10057541.14,Ohio
2023-08-25,11978527.86,68.37,3.88,165.5,7.31,0,0,13524250.58,10673382.79,Ohio
2023-09-01,11813627.25,71.86,3.9,165.6,7.31,0,0,12832829.07,9981961.28,Ohio
2023-09-08,11715668.14,73.35,3.95,165.71,7.31,1,0,12555119.33,9704251.54,Ohio
2023-09-15,10650076.54,65.04,3.98,165.82,7.31,0,0,12727073.84,9876206.05,Ohio
2023-09-22,10739024.57,61.21,4.06,165.94,7.31,0,0,12774732.49,9923864.7,Ohio
2023-09-29,10737255.02,60.08,4.02,166.06,7.31,0,0,12195933.25,9345065.46,Ohio
2023-10-06,11584279.26,60.68,4.01,166.19,7.14,0,0,12345026.28,9494158.49,Ohio
2023-10-13,11404108.95,50.59,4.03,166.31,7.14,0,0,13037938.09,10187070.3,Ohio
2023-10-20,10839916.65,53.99,4.0,166.27,7.14,0,0,12511091.5,9660223.71,Ohio
2021-02-05,8161946.14,39.26,2.71,162.99,9.68,0,0,9011908.65,7660464.18,Texas
2021-02-12,8181402.19,38.57,2.68,163.08,9.68,1,0,8624971.76,7273527.29,Texas
2021-02-19,8074912.13,41.56,2.66,163.13,9.68,0,0,8525057.59,7173613.12,Texas
2021-02-26,7558503.24,42.68,2.66,163.17,9.68,0,0,8618030.54,7266586.07,Texas
2021-03-05,7920146.06,46.31,2.72,163.2,9.68,0,0,8422502.1,7071057.63,Texas
2021-03-12,7598809.72,50.38,2.77,163.24,9.68,0,0,8156003.93,6804559.46,Texas
2021-03-19,7335144.81,52.94,2.82,163.2,9.68,0,0,8197858.76,6846414.29,Texas
2021-03-26,7173343.8,51.51,2.82,163.14,9.68,0,1,8548533.42,7197088.95,Texas
2021-04-02,7867998.8,56.5,2.83,163.08,9.62,0,0,8105168.51,6753724.04,Texas
2021-04-09,7825613.84,60.39,2.85,163.02,9.62,0,0,8020837.21,6669392.74,Texas
2021-04-16,7497918.5,62.07,2.88,162.97,9.62,0,0,8330699.16,6979254.69,Texas
2021-04-23,7283349.84,60.29,2.87,162.93,9.62,0,0,8314410.51,6962966.04,Texas
2021-04-30,7144753.41,61.56,2.88,162.89,9.62,0,0,8028384.86,6676940.39,Texas
2021-05-07,8026566.4,66.89,2.92,162.84,9.62,0,0,8077156.42,6725711.95,Texas
2021-05-14,7439420.07,64.54,2.93,162.82,9.62,0,0,8532733.97,7181289.5,Texas
2021-05-21,7417903.0,69.78,2.91,162.92,9.62,0,0,8253863.48,6902419.01,Texas
2021-05-28,7624732.7,72.88,2.85,163.02,9.62,0,0,8312302.84,6960858.37,Texas
2021-06-04,8171653.94,77.26,2.78,163.11,9.62,0,0,8450797.52,7099353.05,Texas
2021-06-11,7798014.57,79.92,2.77,163.21,9.62,0,0,8447762.13,7096317.66,Texas
2021-06-18,7690091.72,77.45,2.75,163.22,9.62,0,0,8264410.28,6912965.81,Texas
2021-06-25,7518417.16,82.49,2.78,163.2,9.62,0,0,8314615.57,6963171.1,Texas
2021-07-02,7798269.08,81.51,2.78,163.17,9.59,0,0,8544715.67,7193271.2,Texas
2021-07-09,7686523.86,81.75,2.78,163.15,9.59,0,0,8090451.35,6739006.88,Texas
2021-07-16,7433887.63,84.7,2.75,163.16,9.59,0,0,8097986.59,6746542.12,Texas
2021-07-23,7267047.24,85.22,2.76,163.22,9.59,0,0,8295216.23,6943771.76,Texas
2021-07-30,7084922.49,82.45,2.76,163.28,9.59,0,0,8188089.46,6836644.99,Texas
2021-08-06,7879101.17,83.35,2.78,163.34,9.59,0,1,7876500.12,6525055.65,Texas
2021-08-13,7421412.64,83.53,2.81,163.4,9.59,0,0,7969689.31,6618244.84,Texas
2021-08-20,7428478.49,83.36,2.78,163.4,9.59,0,0,8309521.19,6958076.72,Texas
2021-08-27,7057482.21,81.26,2.76,163.4,9.59,0,0,7922359.86,6570915.39,Texas
2021-09-03,7543929.86,79.84,2.74,163.41,9.59,0,0,7720185.64,6368741.17,Texas
2021-09-10,7130563.07,77.18,2.71,163.41,9.59,1,0,7825580.27,6474135.8,Texas
2021-09-17,6841551.27,76.1,2.73,163.44,9.59,0,0,7742853.57,6391409.1,Texas
2021-09-24,6600144.42,75.54,2.73,163.49,9.59,0,0,7491442.08,6139997.61,Texas
2021-10-01,6681563.1,74.18,2.73,163.54,9.67,0,0,7473074.99,6121630.52,Texas
2021-10-08,7229488.31,65.54,2.75,163.59,9.67,0,0,7808099.2,6456654.73,Texas
2021-10-15,6849685.56,65.6,2.83,163.64,9.67,0,0,7530179.64,6178735.17,Texas
2021-10-22,6873078.16,63.36,2.83,163.69,9.67,0,0,7605726.02,6254281.55,Texas
2021-10-29,6960425.18,62.07,2.84,163.74,9.67,0,0,7870869.94,6519425.47,Texas
2021-11-05,7362872.44,56.86,2.83,163.79,9.67,0,0,8299330.13,6947885.66,Texas
2021-11-12,7265231.87,54.08,2.87,163.84,9.67,0,0,8183603.0,6832158.53,Texas
2021-11-19,7059958.57,50.76,2.9,163.81,9.67,0,1,8466985.75,7115541.28,Texas
2021-11-26,10608806.41,51.17,2.9,163.76,9.67,1,1,9156252.17,7804807.7,Texas
2021-12-03,7591679.4,44.73,2.86,163.72,9.67,0,1,9432841.99,8081397.52,Texas
2021-12-10,8314475.31,43.67,2.96,163.67,9.67,0,0,9256239.08,7904794.61,Texas
2021-12-17,9269982.74,45.41,2.99,163.69,9.67,0,0,9436886.75,8085442.28,Texas
2021-12-24,11765759.35,45.41,3.01,163.75,9.67,0,1,8813592.58,7462148.11,Texas
2021-12-31,6165274.29,40.63,3.03,163.81,9.67,1,1,8447544.54,7096100.07,Texas
2022-01-07,6846880.26,37.97,3.08,163.87,9.49,0,1,8237143.19,6885698.72,Texas
2022-01-14,6625844.0,34.54,3.1,163.96,9.49,0,1,8335748.01,6984303.54,Texas
2022-01-21,6581426.87,42.29,3.11,164.15,9.49,0,0,7393218.45,6041773.98,Texas
2022-01-28,6299383.78,39.77,3.12,164.35,9.49,0,0,7607924.71,6256480.24,Texas
2022-02-04,7444909.07,34.24,3.13,164.55,9.49,0,0,7850346.28,6498901.81,Texas
2022-02-11,7634810.63,35.73,3.15,164.75,9.49,1,0,7947361.47,6595917.0,Texas
2022-02-18,7804480.84,50.5,3.18,164.93,9.49,0,0,7824404.09,6472959.62,Texas
2022-02-25,7066219.28,48.27,3.21,165.1,9.49,0,0,8034159.68,6682715.21,Texas
2022-03-04,7685047.08,50.08,3.4,165.27,9.49,0,0,8308679.54,6957235.07,Texas
2022-03-11,7272809.03,51.14,3.54,165.45,9.49,0,0,7852982.29,6501537.82,Texas
2022-03-18,7225390.81,57.69,3.58,165.6,9.49,0,0,7771898.58,6420454.11,Texas
2022-03-25,6851240.68,56.46,3.58,165.74,9.49,0,0,7993773.75,6642329.28,Texas
2022-04-01,6911688.02,54.3,3.6,165.89,9.36,0,0,7915972.49,6564528.02,Texas
2022-04-08,7373157.67,60.54,3.7,166.04,9.36,0,0,7637392.66,6285948.19,Texas
2022-04-15,7141733.48,59.77,3.8,166.17,9.36,0,0,7755672.69,6404228.22,Texas
2022-04-22,7520535.05,64.23,3.86,166.27,9.36,0,0,8170672.94,6819228.47,Texas
2022-04-29,6874833.97,64.85,3.91,166.37,9.36,0,0,7823611.21,6472166.74,Texas
2022-05-06,7511068.94,61.2,3.98,166.47,9.36,0,0,7756253.16,6404808.69,Texas
2022-05-13,7240935.05,68.1,3.99,166.57,9.36,0,0,8026067.44,6674622.97,Texas
2022-05-20,6949014.06,64.26,3.97,166.51,9.36,0,0,7957376.38,6605931.91,Texas
2022-05-27,7037914.05,71.57,3.88,166.45,9.36,0,0,7804051.0,6452606.53,Texas
2022-06-03,7552821.46,76.17,3.82,166.39,9.36,0,0,7821133.07,6469688.6,Texas
2022-06-10,7419794.44,77.82,3.79,166.33,9.36,0,0,8182217.59,6830773.12,Texas
2022-06-17,7353640.07,79.16,3.75,166.35,9.36,0,0,7887854.43,6536409.96,Texas
2022-06-24,7088361.31,80.14,3.71,166.44,9.36,0,0,7870290.09,6518845.62,Texas
2022-07-01,7253219.34,83.13,3.66,166.53,9.29,0,0,8004962.86,6653518.39,Texas
2022-07-08,7355230.03,83.76,3.6,166.62,9.29,0,0,7845405.58,6493961.11,Texas
2022-07-15,7051226.49,83.37,3.65,166.7,9.29,0,0,7642069.99,6290625.52,Texas
2022-07-22,7017918.83,85.45,3.7,166.77,9.29,0,0,7733127.52,6381683.05,Texas
2022-07-29,6682990.29,85.04,3.72,166.84,9.29,0,1,8087444.8,6736000.33,Texas
2022-08-05,7482374.67,85.3,3.73,166.91,9.29,0,0,7700622.08,6349177.61,Texas
2022-08-12,7183481.95,85.01,3.69,166.98,9.29,0,0,7702835.48,6351391.01,Texas
2022-08-19,7218132.89,83.35,3.64,167.04,9.29,0,0,7936941.48,6585497.01,Texas
2022-08-26,7114229.17,84.72,3.61,167.1,9.29,0,0,7898468.13,6547023.66,Texas
2022-09-02,7202983.09,84.19,3.63,167.15,9.29,0,0,7551579.97,6200135.5,Texas
2022-09-09,7179048.81,76.81,3.66,167.21,9.29,1,0,7530679.28,6179234.81,Texas
2022-09-16,6793773.63,74.33,3.66,167.31,9.29,0,0,7918942.93,6567498.46,Texas
2022-09-23,6606241.31,72.49,3.61,167.47,9.29,0,0,7544579.91,6193135.44,Texas
2022-09-30,6494895.02,76.32,3.56,167.63,9.29,0,0,7499682.79,6148238.32,Texas
2022-10-07,7420671.08,66.94,3.5,167.79,8.92,0,0,7688144.87,6336700.4,Texas
2022-10-14,6960446.18,65.54,3.46,167.94,8.92,0,0,7728508.83,6377064.36,Texas
2022-10-21,7024965.99,64.41,3.53,168.01,8.92,0,0,7626471.69,6275027.22,Texas
2022-10-28,7020671.4,60.53,3.52,168.08,8.92,0,0,7801196.2,6449751.73,Texas
2022-11-04,7456418.08,52.88,3.51,168.15,8.92,0,0,8612124.52,7260680.05,Texas
2022-11-11,7444065.15,51.92,3.47,168.22,8.92,0,0,8313199.99,6961755.52,Texas
2022-11-18,7175684.46,55.36,3.47,168.31,8.92,0,0,8450943.31,7099498.84,Texas
2022-11-25,10581861.94,52.8,3.41,168.4,8.92,1,1,8893747.78,7542303.31,Texas
2022-12-02,7334732.6,48.43,3.38,168.49,8.92,0,1,9347950.56,7996506.09,Texas
2022-12-09,8125432.02,39.74,3.35,168.58,8.92,0,0,9066968.99,7715524.52,Texas
2022-12-16,8642690.7,43.8,3.31,168.69,8.92,0,0,9135925.71,7784481.24,Texas
2022-12-23,11015934.31,43.01,3.28,168.81,8.92,0,1,8933041.89,7581597.42,Texas
2022-12-30,7029277.97,41.2,3.25,168.93,8.92,1,1,8479151.34,7127706.87,Texas
2023-01-06,7116099.39,45.36,3.29,169.05,8.53,0,0,8195097.54,6843653.07,Texas
2023-01-13,6646367.84,43.58,3.37,169.17,8.53,0,1,8208727.46,6857282.99,Texas
2023-01-20,6624256.85,44.57,3.39,169.25,8.53,0,0,7686868.07,6335423.6,Texas
2023-01-27,6273318.25,46.69,3.41,169.32,8.53,0,0,7582599.02,6231154.55,Texas
2023-02-03,7260488.11,48.97,3.45,169.39,8.53,0,0,7648172.62,6296728.15,Texas
2023-02-10,7743015.34,43.7,3.5,169.46,8.53,1,0,8099832.56,6748388.09,Texas
2023-02-17,7851478.42,43.23,3.57,169.56,8.53,0,0,7883183.44,6531738.97,Texas
2023-02-24,7032832.47,48.71,3.64,169.68,8.53,0,0,8005582.4,6654137.93,Texas
2023-03-03,7292680.06,50.0,3.71,169.8,8.53,0,0,8171858.13,6820413.66,Texas
2023-03-10,7574471.13,51.43,3.76,169.92,8.53,0,0,7987141.46,6635696.99,Texas
2023-03-17,7266373.77,57.77,3.86,170.03,8.53,0,0,7783765.43,6432320.96,Texas
2023-03-24,6946806.2,57.75,3.88,170.11,8.53,0,0,7891934.59,6540490.12,Texas
2023-03-31,6830095.42,61.46,3.96,170.2,8.53,0,1,8217365.82,6865921.35,Texas
2023-04-07,7979929.99,60.87,3.98,170.28,8.39,0,1,7748542.6,6397098.13,Texas
2023-04-14,7247734.54,62.38,4.01,170.37,8.39,0,0,7738854.25,6387409.78,Texas
2023-04-21,7055391.24,63.38,3.99,170.39,8.39,0,0,7984499.64,6633055.17,Texas
2023-04-28,6759466.79,66.84,3.95,170.42,8.39,0,0,7991121.58,6639677.11,Texas
2023-05-05,7334818.07,68.72,3.91,170.45,8.39,0,0,7655972.35,6304527.88,Texas
2023-05-12,7188711.96,68.46,3.88,170.48,8.39,0,0,7739082.45,6387637.98,Texas
2023-05-19,7256545.77,71.37,3.84,170.47,8.39,0,0,8178912.54,6827468.07,Texas
2023-05-26,7185969.16,74.44,3.8,170.45,8.39,0,0,7909539.27,6558094.8,Texas
2023-06-02,7287223.14,75.28,3.77,170.44,8.39,0,0,7879682.71,6528238.24,Texas
2023-06-09,7618894.45,76.5,3.69,170.42,8.39,0,0,8064749.2,6713304.73,Texas
2023-06-16,7340612.05,78.56,3.65,170.41,8.39,0,0,8083244.45,6731799.98,Texas
2023-06-23,7262084.95,80.98,3.59,170.42,8.39,0,0,7834031.66,6482587.19,Texas
2023-06-30,7006565.35,84.47,3.51,170.44,8.39,0,0,7869396.97,6517952.5,Texas
2023-07-07,7766109.34,83.39,3.44,170.45,8.14,0,0,8102898.83,6751454.36,Texas
2023-07-14,6993563.42,81.86,3.46,170.46,8.14,0,0,7742295.55,6390851.08,Texas
2023-07-21,6992498.18,81.99,3.47,170.47,8.14,0,0,7731410.91,6379966.44,Texas
2023-07-28,6738100.07,83.55,3.56,170.48,8.14,0,0,7967621.09,6616176.62,Texas
2023-08-04,7283147.23,83.47,3.54,170.49,8.14,0,0,7838729.89,6487285.42,Texas
2023-08-11,7322155.29,85.43,3.62,170.5,8.14,0,0,7639961.85,6288517.38,Texas
2023-08-18,7182424.6,83.18,3.72,170.55,8.14,0,0,7785684.62,6434240.15,Texas
2023-08-25,7243967.75,77.51,3.76,170.63,8.14,0,0,8164962.19,6813517.72,Texas
2023-09-01,7154270.89,81.69,3.76,170.71,8.14,0,0,7752455.74,6401011.27,Texas
2023-09-08,7470275.44,82.41,3.84,170.79,8.14,1,0,7649396.77,6297952.3,Texas
2023-09-15,6877735.67,73.43,3.84,170.88,8.14,0,0,7887853.46,6536408.99,Texas
2023-09-22,6862360.28,71.96,3.89,171.0,8.14,0,0,7819549.42,6468104.95,Texas
2023-09-29,6737005.27,73.63,3.82,171.12,8.14,0,0,7577322.59,6225878.12,Texas
2023-10-06,7374009.41,69.81,3.82,171.25,7.76,0,0,7601439.76,6249995.29,Texas
2023-10-13,7145936.23,62.08,3.9,171.37,7.76,0,0,7992066.23,6640621.76,Texas
2023-10-20,7010766.86,64.35,3.89,171.39,7.76,0,0,7673165.54,6321721.07,Texas
2021-02-05,6575770.4,38.33,2.72,167.21,8.99,0,0,7268072.77,6047288.2,Virginia
2021-02-12,6371766.02,37.92,2.69,167.3,8.99,1,0,6960832.35,5740047.78,Virginia
2021-02-19,6313549.09,41.15,2.67,167.35,8.99,0,0,6892069.11,5671284.54,Virginia
2021-02-26,5997463.8,41.38,2.68,167.38,8.99,0,0,6979178.69,5758394.12,Virginia
2021-03-05,6487600.51,45.54,2.73,167.42,8.99,0,0,6931592.26,5710807.69,Virginia
2021-03-12,6294410.02,47.99,2.78,167.46,8.99,0,0,6800596.3,5579811.74,Virginia
2021-03-19,6227555.61,51.53,2.82,167.4,8.99,0,0,6940484.47,5719699.91,Virginia
2021-03-26,6135244.26,50.32,2.83,167.33,8.99,0,0,7258141.24,6037356.68,Virginia
2021-04-02,6902534.06,53.89,2.84,167.26,8.87,0,0,6924419.44,5703634.88,Virginia
2021-04-09,6550745.28,57.96,2.86,167.18,8.87,0,0,6870804.07,5650019.5,Virginia
2021-04-16,6318250.11,59.11,2.9,167.12,8.87,0,0,7095157.41,5874372.84,Virginia
2021-04-23,6214060.94,58.85,2.89,167.07,8.87,0,0,7148606.22,5927821.65,Virginia
2021-04-30,6119084.69,59.24,2.9,167.02,8.87,0,0,6875986.08,5655201.52,Virginia
2021-05-07,6840047.14,63.95,2.94,166.98,8.87,0,0,7001424.3,5780639.74,Virginia
2021-05-14,6401964.83,62.18,2.95,166.95,8.87,0,0,7382510.74,6161726.17,Virginia
2021-05-21,6441932.84,67.88,2.93,167.06,8.87,0,0,7173811.98,5953027.41,Virginia
2021-05-28,6686791.78,70.16,2.87,167.16,8.87,0,0,7231641.63,6010857.06,Virginia
2021-06-04,7083044.07,74.26,2.81,167.27,8.87,0,0,7304570.24,6083785.68,Virginia
2021-06-11,6815682.67,76.72,2.8,167.38,8.87,0,0,7383660.98,6162876.42,Virginia
2021-06-18,6723874.55,73.85,2.77,167.39,8.87,0,0,7223345.32,6002560.76,Virginia
2021-06-25,6392565.59,80.04,2.81,167.35,8.87,0,0,7313913.42,6093128.85,Virginia
2021-07-02,6848178.9,79.84,2.81,167.32,8.79,0,0,7487733.73,6266949.17,Virginia
2021-07-09,6767462.94,79.68,2.8,167.29,8.79,0,0,7130939.24,5910154.67,Virginia
2021-07-16,6578747.44,82.26,2.78,167.3,8.79,0,0,7143812.74,5923028.18,Virginia
2021-07-23,6396975.17,82.82,2.79,167.36,8.79,0,0,7328089.45,6107304.88,Virginia
2021-07-30,6380634.25,80.46,2.78,167.43,8.79,0,0,7333873.46,6113088.9,Virginia
2021-08-06,7013971.4,81.21,2.8,167.49,8.79,0,0,7086584.37,5865799.8,Virginia
2021-08-13,6724520.68,80.5,2.83,167.56,8.79,0,0,7214553.5,5993768.93,Virginia
2021-08-20,6781245.87,80.53,2.8,167.56,8.79,0,0,7512858.59,6292074.02,Virginia
2021-08-27,6484179.0,78.58,2.79,167.56,8.79,0,0,7208823.87,5988039.3,Virginia
2021-09-03,6732510.32,76.74,2.78,167.56,8.79,0,0,7047073.95,5826289.38,Virginia
2021-09-10,6582299.75,74.69,2.75,167.56,8.79,1,0,7114551.26,5893766.69,Virginia
2021-09-17,6314904.21,73.54,2.77,167.59,8.79,0,0,7109033.4,5888248.84,Virginia
2021-09-24,6081704.28,72.8,2.76,167.65,8.79,0,0,6885947.49,5665162.93,Virginia
2021-10-01,6238880.01,73.39,2.76,167.7,8.85,0,0,6937760.65,5716976.09,Virginia
2021-10-08,6635199.75,64.61,2.77,167.76,8.85,0,0,7165943.59,5945159.02,Virginia
2021-10-15,6370317.38,63.11,2.84,167.81,8.85,0,0,6905211.32,5684426.75,Virginia
2021-10-22,6353181.41,61.09,2.85,167.86,8.85,0,0,6935180.76,5714396.2,Virginia
2021-10-29,6276769.23,60.31,2.86,167.91,8.85,0,0,7092778.15,5871993.58,Virginia
2021-11-05,6552291.35,55.8,2.85,167.96,8.85,0,0,7404127.2,6183342.64,Virginia
2021-11-12,6491472.71,52.15,2.88,168.01,8.85,0,0,7246404.86,6025620.3,Virginia
2021-11-19,6384079.83,49.79,2.91,167.98,8.85,0,0,7517429.52,6296644.95,Virginia
2021-11-26,8707222.03,47.32,2.91,167.93,8.85,1,1,8045862.13,6825077.56,Virginia
2021-12-03,6714000.73,42.26,2.87,167.88,8.85,0,1,8325879.35,7105094.79,Virginia
2021-12-10,7508332.96,43.17,2.96,167.83,8.85,0,0,8183121.26,6962336.69,Virginia
2021-12-17,8072986.42,44.52,2.99,167.85,8.85,0,0,8318604.33,7097819.76,Virginia
2021-12-24,10574924.97,44.85,3.01,167.91,8.85,0,1,7957860.97,6737076.4,Virginia
2021-12-31,5692148.34,38.91,3.02,167.97,8.85,1,1,7651592.15,6430807.59,Virginia
2022-01-07,6374479.49,36.38,3.07,168.02,8.68,0,0,7511710.07,6290925.5,Virginia
2022-01-14,6074597.39,34.17,3.09,168.11,8.68,0,1,7588175.93,6367391.36,Virginia
2022-01-21,6017858.73,41.94,3.11,168.32,8.68,0,0,6718210.66,5497426.1,Virginia
2022-01-28,5787137.36,38.1,3.12,168.53,8.68,0,0,6830038.75,5609254.18,Virginia
2022-02-04,6705436.37,32.87,3.12,168.75,8.68,0,0,6946379.76,5725595.2,Virginia
2022-02-11,6547681.14,35.53,3.15,168.96,8.68,1,0,7050898.1,5830113.53,Virginia
2022-02-18,6674927.26,48.08,3.18,169.15,8.68,0,0,6898870.0,5678085.43,Virginia
2022-02-25,6230884.72,45.27,3.21,169.34,8.68,0,0,7088364.29,5867579.73,Virginia
2022-03-04,6698804.62,47.05,3.39,169.52,8.68,0,0,7294648.35,6073863.78,Virginia
2022-03-11,6401401.75,49.79,3.53,169.7,8.68,0,0,6974406.12,5753621.55,Virginia
2022-03-18,6371576.4,55.64,3.57,169.86,8.68,0,0,6957089.67,5736305.11,Virginia
2022-03-25,6246613.67,53.2,3.57,170.01,8.68,0,0,7148151.32,5927366.75,Virginia
2022-04-01,6368498.56,53.27,3.59,170.17,8.51,0,0,7204943.93,5984159.37,Virginia
2022-04-08,6753694.48,57.31,3.69,170.32,8.51,0,0,7001947.66,5781163.09,Virginia
2022-04-15,6610334.37,56.57,3.78,170.46,8.51,0,0,7193914.27,5973129.71,Virginia
2022-04-22,6988931.81,61.65,3.84,170.56,8.51,0,0,7540003.48,6319218.91,Virginia
2022-04-29,6428167.55,63.12,3.89,170.67,8.51,0,0,7282497.33,6061712.77,Virginia
2022-05-06,6973321.68,60.56,3.97,170.77,8.51,0,0,7250311.47,6029526.91,Virginia
2022-05-13,6766427.02,65.81,3.98,170.87,8.51,0,0,7467786.9,6247002.34,Virginia
2022-05-20,6628468.58,63.52,3.96,170.8,8.51,0,0,7486490.77,6265706.21,Virginia
2022-05-27,6728375.79,70.84,3.89,170.72,8.51,0,0,7349613.08,6128828.52,Virginia
2022-06-03,7174680.51,72.65,3.83,170.64,8.51,0,0,7404333.26,6183548.69,Virginia
2022-06-10,7012437.79,74.98,3.8,170.56,8.51,0,0,7697572.8,6476788.23,Virginia
2022-06-17,6917763.47,76.34,3.77,170.57,8.51,0,0,7464288.49,6243503.93,Virginia
2022-06-24,6614341.85,77.7,3.72,170.65,8.51,0,0,7432577.46,6211792.9,Virginia
2022-07-01,6916292.72,80.82,3.67,170.73,8.38,0,0,7503619.02,6282834.46,Virginia
2022-07-08,7057991.49,80.63,3.62,170.82,8.38,0,0,7440257.23,6219472.66,Virginia
2022-07-15,6706380.9,80.17,3.65,170.89,8.38,0,0,7270313.76,6049529.2,Virginia
2022-07-22,6713989.56,82.73,3.69,170.96,8.38,0,0,7421404.45,6200619.88,Virginia
2022-07-29,6461484.1,81.38,3.71,171.03,8.38,0,1,7712006.59,6491222.02,Virginia
2022-08-05,7175898.97,81.82,3.73,171.1,8.38,0,0,7407551.41,6186766.84,Virginia
2022-08-12,6929955.61,80.9,3.69,171.16,8.38,0,0,7395347.29,6174562.73,Virginia
2022-08-19,7047696.63,80.07,3.64,171.22,8.38,0,0,7563803.65,6343019.09,Virginia
2022-08-26,6989318.26,81.87,3.61,171.28,8.38,0,0,7597904.47,6377119.9,Virginia
2022-09-02,6820934.4,81.23,3.64,171.34,8.38,0,0,7285332.38,6064547.81,Virginia
2022-09-09,6935202.22,75.36,3.67,171.4,8.38,1,0,7306005.45,6085220.88,Virginia
2022-09-16,6592768.69,71.78,3.67,171.51,8.38,0,0,7588515.3,6367730.74,Virginia
2022-09-23,6435634.07,70.89,3.63,171.69,8.38,0,0,7252705.83,6031921.26,Virginia
2022-09-30,6332646.08,74.63,3.59,171.86,8.38,0,0,7215089.06,5994304.49,Virginia
2022-10-07,7122454.54,65.32,3.54,172.04,8.01,0,0,7327035.23,6106250.67,Virginia
2022-10-14,6701164.97,63.39,3.5,172.2,8.01,0,0,7436794.07,6216009.51,Virginia
2022-10-21,6757599.31,63.14,3.56,172.28,8.01,0,0,7323381.9,6102597.33,Virginia
2022-10-28,6760843.59,58.63,3.55,172.36,8.01,0,0,7502626.58,6281842.01,Virginia
2022-11-04,7253659.47,51.37,3.54,172.44,8.01,0,0,8059719.37,6838934.8,Virginia
2022-11-11,7089488.58,48.55,3.5,172.52,8.01,0,0,7833522.23,6612737.66,Virginia
2022-11-18,6845337.79,52.64,3.5,172.62,8.01,0,0,7976726.73,6755942.16,Virginia
2022-11-25,9119292.99,51.01,3.44,172.73,8.01,1,1,8356967.47,7136182.91,Virginia
2022-12-02,7180298.03,46.8,3.4,172.83,8.01,0,1,8849713.22,7628928.65,Virginia
2022-12-09,7960013.13,37.99,3.37,172.94,8.01,0,0,8572557.95,7351773.39,Virginia
2022-12-16,8464546.97,41.87,3.33,173.06,8.01,0,0,8704213.78,7483429.21,Virginia
2022-12-23,10595458.56,40.39,3.29,173.18,8.01,0,1,8611978.88,7391194.31,Virginia
2022-12-30,6597141.44,39.27,3.25,173.31,8.01,1,1,8218388.42,6997603.86,Virginia
2023-01-06,7024907.53,44.56,3.28,173.44,7.66,0,0,7932088.74,6711304.17,Virginia
2023-01-13,6570837.64,41.54,3.34,173.57,7.66,0,1,7845237.43,6624452.86,Virginia
2023-01-20,6487677.85,42.28,3.37,173.64,7.66,0,0,7367603.58,6146819.01,Virginia
2023-01-27,6155897.67,45.31,3.38,173.71,7.66,0,0,7249824.52,6029039.96,Virginia
2023-02-03,6898605.93,46.14,3.41,173.78,7.66,0,0,7313760.84,6092976.27,Virginia
2023-02-10,7144600.51,42.06,3.46,173.85,7.66,1,0,7646313.53,6425528.97,Virginia
2023-02-17,7220427.79,42.66,3.52,173.95,7.66,0,0,7429778.22,6208993.65,Virginia
2023-02-24,6730440.71,46.89,3.59,174.08,7.66,0,0,7511641.19,6290856.62,Virginia
2023-03-03,6995895.4,46.67,3.67,174.21,7.66,0,0,7623513.76,6402729.2,Virginia
2023-03-10,7034443.7,49.02,3.73,174.34,7.66,0,0,7590839.28,6370054.72,Virginia
2023-03-17,6928920.78,56.19,3.83,174.45,7.66,0,0,7488464.47,6267679.9,Virginia
2023-03-24,6723732.07,56.64,3.87,174.53,7.66,0,0,7647616.62,6426832.05,Virginia
2023-03-31,6808458.04,59.2,3.94,174.62,7.66,0,0,7886726.72,6665942.16,Virginia
2023-04-07,7951543.83,58.42,3.96,174.7,7.49,0,1,7543128.23,6322343.67,Virginia
2023-04-14,7102484.73,59.99,4.0,174.79,7.49,0,0,7560137.79,6339353.23,Virginia
2023-04-21,6766855.04,61.66,3.98,174.81,7.49,0,0,7757221.43,6536436.87,Virginia
2023-04-28,6691767.3,66.52,3.95,174.84,7.49,0,0,7810218.15,6589433.59,Virginia
2023-05-05,7247970.04,65.75,3.91,174.87,7.49,0,0,7505921.64,6285137.07,Virginia
2023-05-12,7145335.68,65.88,3.88,174.89,7.49,0,0,7641257.1,6420472.53,Virginia
2023-05-19,7072013.96,70.24,3.86,174.89,7.49,0,0,8023156.44,6802371.87,Virginia
2023-05-26,7269207.96,73.25,3.82,174.87,7.49,0,0,7813952.56,6593167.99,Virginia
2023-06-02,7307811.92,73.08,3.79,174.85,7.49,0,0,7772010.72,6551226.15,Virginia
2023-06-09,7537339.36,74.85,3.72,174.83,7.49,0,0,7882672.13,6661887.56,Virginia
2023-06-16,7289853.15,76.88,3.69,174.82,7.49,0,0,7995609.2,6774824.63,Virginia
2023-06-23,7154359.48,79.18,3.64,174.84,7.49,0,0,7757156.16,6536371.6,Virginia
2023-06-30,6961983.69,82.47,3.56,174.85,7.49,0,0,7825697.48,6604912.92,Virginia
2023-07-07,7755152.34,80.78,3.49,174.86,7.26,0,0,7996324.95,6775540.39,Virginia
2023-07-14,7047776.45,79.88,3.5,174.88,7.26,0,0,7712141.33,6491356.77,Virginia
2023-07-21,7045580.13,79.44,3.51,174.89,7.26,0,0,7715633.39,6494848.83,Virginia
2023-07-28,6828920.57,80.57,3.58,174.9,7.26,0,0,7920460.94,6699676.38,Virginia
2023-08-04,7363080.84,81.05,3.56,174.91,7.26,0,0,7862861.34,6642076.78,Virginia
2023-08-11,7378786.23,82.57,3.62,174.92,7.26,0,0,7676879.83,6456095.26,Virginia
2023-08-18,7437794.68,81.14,3.72,174.97,7.26,0,0,7846912.31,6626127.74,Virginia
2023-08-25,7244534.0,77.13,3.76,175.05,7.26,0,0,8123677.21,6902892.65,Virginia
2023-09-01,7193645.6,79.81,3.76,175.14,7.26,0,0,7755911.19,6535126.63,Virginia
2023-09-08,7493786.45,78.14,3.84,175.22,7.26,1,0,7644916.32,6424131.75,Virginia
2023-09-15,6863463.82,71.69,3.84,175.31,7.26,0,0,7769929.62,6549145.05,Virginia
2023-09-22,6851231.75,70.84,3.9,175.44,7.26,0,0,7771717.32,6550932.76,Virginia
2023-09-29,6801804.41,70.62,3.84,175.57,7.26,0,0,7538640.58,6317856.02,Virginia
2023-10-06,7354905.93,68.47,3.84,175.69,6.96,0,0,7571680.67,6350896.11,Virginia
2023-10-13,7149626.82,61.82,3.92,175.82,6.96,0,0,7860594.0,6639809.44,Virginia
2023-10-20,7009848.14,62.51,3.91,175.85,6.96,0,0,7584779.9,6363995.33,Virginia
